{
  "project_info": {
    "project_number": "1094469322651",
    "firebase_url": "https://first-aid-guide.firebaseio.com",
    "project_id": "first-aid-guide",
    "storage_bucket": "first-aid-guide.appspot.com"
  },
  "client": [
    {
      "client_info": {
        "mobilesdk_app_id": "1:1094469322651:android:c3ad7095c6a1cc45",
        "android_client_info": {
          "package_name": "com.example.masara.firstaidguide"
        }
      },
      "oauth_client": [
        {
          "client_id": "1094469322651-f50kn1jqk974tbabpaa3j4lp2m8s57ud.apps.googleusercontent.com",
          "client_type": 3
        }
      ],
      "api_key": [
        {
          "current_key": "AIzaSyDZ5qtXIzsD8wvysVJL_omBftSwC_zZsLA"
        }
      ],
      "services": {
        "analytics_service": {
          "status": 1
        },
        "appinvite_service": {
          "status": 1,
          "other_platform_oauth_client": []
        },
        "ads_service": {
          "status": 2
        }
      }
    }
  ],
  "configuration_version": "1"
}